timestamp,symbol,sentiment_score,confidence,volume_usd,source
2026-05-09T14:30:00Z,USDC,0.78,0.92,125000,twitter
2026-05-09T14:31:00Z,USDC,0.81,0.89,143000,reddit
2026-05-09T14:32:00Z,USDC,0.75,0.85,98000,news_aggregator
2026-05-09T14:33:00Z,USDC,0.83,0.91,167000,twitter
2026-05-09T14:34:00Z,USDC,0.79,0.87,112000,discord
2026-05-09T14:35:00Z,USDC,0.82,0.90,155000,twitter
2026-05-09T14:36:00Z,USDC,0.76,0.84,89000,reddit
2026-05-09T14:37:00Z,USDC,0.80,0.88,134000,news_aggregator
2026-05-09T14:38:00Z,USDC,0.77,0.86,121000,twitter
2026-05-09T14:39:00Z,USDC,0.84,0.93,178000,discord
2026-05-09T14:40:00Z,USDC,0.81,0.89,146000,reddit
2026-05-09T14:41:00Z,USDC,0.79,0.87,128000,twitter
2026-05-09T14:42:00Z,USDC,0.83,0.91,162000,news_aggregator
2026-05-09T14:43:00Z,USDC,0.78,0.85,105000,discord
2026-05-09T14:44:00Z,USDC,0.82,0.90,151000,twitter
